<?xml version="1.0" encoding="UTF-8"?>
<!-- Product Version: Vivado v2015.2 (64-bit)                     -->
<!--                                                              -->
<!-- Copyright 1986-2015 Xilinx, Inc. All Rights Reserved.        -->

<hwsession version="1" minor="1">
  <device name="xc7z020_1" gui_info="dashboard1=hw_ila_1[xc7z020_1/hw_ila_1/Waveform=ILA_WAVE_1;xc7z020_1/hw_ila_1/Status=ILA_STATUS_1;xc7z020_1/hw_ila_1/Trigger Setup=ILA_TRIGGER_1;]"/>
  <ObjectList object_type="hw_device" gui_info="">
    <Object name="xc7z020_1" gui_info="">
      <Properties Property="PROBES.FILE" value="$_project_name_.runs/impl_1/debug_nets.ltx"/>
      <Properties Property="PROGRAM.HW_BITSTREAM" value="$_project_name_.runs/impl_1/mem_test_CI.bit"/>
    </Object>
  </ObjectList>
  <ObjectList object_type="hw_ila" gui_info="">
    <Object name="u_ila_0" gui_info="">
      <Properties Property="CONTROL.TRIGGER_CONDITION" value="AND"/>
      <Properties Property="CORE_REFRESH_RATE_MS" value="500"/>
    </Object>
    <Object name="u_ila_0_0" gui_info="">
      <Properties Property="CONTROL.TRIGGER_CONDITION" value="AND"/>
      <Properties Property="CORE_REFRESH_RATE_MS" value="500"/>
    </Object>
  </ObjectList>
  <ObjectList object_type="hw_probe" gui_info="">
    <Object name="BTND_IBUF" gui_info="Trigger Setup=0"/>
  </ObjectList>
  <probeset name="hw project" active="false">
    <probe type="ila" busType="net" source="netlist" spec="ILA_V2_RT">
      <probeOptions Id="DebugProbeParams">
        <Option Id="CAPTURE_COMPARE_VALUE" value="eq1&apos;bX"/>
        <Option Id="COMPARE_VALUE.0" value="eq1&apos;bF"/>
        <Option Id="DISPLAY_HINT" value=""/>
        <Option Id="DISPLAY_VISIBILITY" value=""/>
        <Option Id="HW_ILA" value="hw_ila_1"/>
        <Option Id="NAME.CUSTOM" value=""/>
        <Option Id="NAME.SELECT" value="Long"/>
        <Option Id="TRIGGER_COMPARE_VALUE" value="eq1&apos;bF"/>
      </probeOptions>
      <nets>
        <net name="BTND_IBUF"/>
      </nets>
    </probe>
    <probe type="ila" busType="net" source="netlist" spec="ILA_V2_RT">
      <probeOptions Id="DebugProbeParams">
        <Option Id="CAPTURE_COMPARE_VALUE" value="eq18&apos;hX_XXXX"/>
        <Option Id="COMPARE_VALUE.0" value="eq18&apos;hX_XXXX"/>
        <Option Id="DISPLAY_HINT" value=""/>
        <Option Id="DISPLAY_VISIBILITY" value=""/>
        <Option Id="HW_ILA" value="hw_ila_1"/>
        <Option Id="NAME.CUSTOM" value=""/>
        <Option Id="NAME.SELECT" value="Long"/>
        <Option Id="TRIGGER_COMPARE_VALUE" value="eq18&apos;hX_XXXX"/>
      </probeOptions>
      <nets>
        <net name="bus_addr[31]"/>
        <net name="bus_addr[30]"/>
        <net name="bus_addr[29]"/>
        <net name="bus_addr[28]"/>
        <net name="bus_addr[27]"/>
        <net name="bus_addr[26]"/>
        <net name="bus_addr[25]"/>
        <net name="bus_addr[24]"/>
        <net name="bus_addr[23]"/>
        <net name="bus_addr[22]"/>
        <net name="bus_addr[21]"/>
        <net name="bus_addr[20]"/>
        <net name="bus_addr[19]"/>
        <net name="bus_addr[18]"/>
        <net name="bus_addr[17]"/>
        <net name="bus_addr[16]"/>
        <net name="bus_addr[15]"/>
        <net name="bus_addr[14]"/>
      </nets>
    </probe>
    <probe type="ila" busType="bus" source="netlist" spec="ILA_V2_RT">
      <probeOptions Id="DebugProbeParams">
        <Option Id="CAPTURE_COMPARE_VALUE" value="eq23&apos;hXX_XXXX"/>
        <Option Id="COMPARE_VALUE.0" value="eq23&apos;hXX_XXXX"/>
        <Option Id="DISPLAY_HINT" value=""/>
        <Option Id="DISPLAY_VISIBILITY" value=""/>
        <Option Id="HW_ILA" value="hw_ila_1"/>
        <Option Id="NAME.CUSTOM" value=""/>
        <Option Id="NAME.SELECT" value="Long"/>
        <Option Id="TRIGGER_COMPARE_VALUE" value="eq23&apos;hXX_XXXX"/>
      </probeOptions>
      <nets>
        <net name="bus_addr[31]"/>
        <net name="bus_addr[30]"/>
        <net name="bus_addr[29]"/>
        <net name="bus_addr[28]"/>
        <net name="bus_addr[27]"/>
        <net name="bus_addr[26]"/>
        <net name="bus_addr[25]"/>
        <net name="bus_addr[24]"/>
        <net name="bus_addr[23]"/>
        <net name="bus_addr[22]"/>
        <net name="bus_addr[21]"/>
        <net name="bus_addr[20]"/>
        <net name="bus_addr[19]"/>
        <net name="bus_addr[18]"/>
        <net name="bus_addr[17]"/>
        <net name="bus_addr[16]"/>
        <net name="bus_addr[15]"/>
        <net name="bus_addr[14]"/>
        <net name="bus_addr[13]"/>
        <net name="bus_addr[12]"/>
        <net name="bus_addr[11]"/>
        <net name="bus_addr[10]"/>
        <net name="bus_addr[9]"/>
      </nets>
    </probe>
    <probe type="ila" busType="bus" source="netlist" spec="ILA_V2_RT">
      <probeOptions Id="DebugProbeParams">
        <Option Id="CAPTURE_COMPARE_VALUE" value="eq7&apos;hXX"/>
        <Option Id="COMPARE_VALUE.0" value="eq7&apos;hXX"/>
        <Option Id="DISPLAY_HINT" value=""/>
        <Option Id="DISPLAY_VISIBILITY" value=""/>
        <Option Id="HW_ILA" value="hw_ila_1"/>
        <Option Id="NAME.CUSTOM" value=""/>
        <Option Id="NAME.SELECT" value="Long"/>
        <Option Id="TRIGGER_COMPARE_VALUE" value="eq7&apos;hXX"/>
      </probeOptions>
      <nets>
        <net name="bus_addr[6]"/>
        <net name="bus_addr[5]"/>
        <net name="bus_addr[4]"/>
        <net name="bus_addr[3]"/>
        <net name="bus_addr[2]"/>
        <net name="bus_addr[1]"/>
        <net name="bus_addr[0]"/>
      </nets>
    </probe>
    <probe type="ila" busType="net" source="netlist" spec="ILA_V2_RT">
      <probeOptions Id="DebugProbeParams">
        <Option Id="CAPTURE_COMPARE_VALUE" value="eq3&apos;hX"/>
        <Option Id="COMPARE_VALUE.0" value="eq3&apos;hX"/>
        <Option Id="DISPLAY_HINT" value=""/>
        <Option Id="DISPLAY_VISIBILITY" value=""/>
        <Option Id="HW_ILA" value="hw_ila_1"/>
        <Option Id="NAME.CUSTOM" value=""/>
        <Option Id="NAME.SELECT" value="Long"/>
        <Option Id="TRIGGER_COMPARE_VALUE" value="eq3&apos;hX"/>
      </probeOptions>
      <nets>
        <net name="bus_addr_1[2]"/>
        <net name="bus_addr_1[1]"/>
        <net name="bus_addr_1[0]"/>
      </nets>
    </probe>
    <probe type="ila" busType="bus" source="netlist" spec="ILA_V2_RT">
      <probeOptions Id="DebugProbeParams">
        <Option Id="CAPTURE_COMPARE_VALUE" value="eq23&apos;hXX_XXXX"/>
        <Option Id="COMPARE_VALUE.0" value="eq23&apos;hXX_XXXX"/>
        <Option Id="DISPLAY_HINT" value=""/>
        <Option Id="DISPLAY_VISIBILITY" value=""/>
        <Option Id="HW_ILA" value="hw_ila_1"/>
        <Option Id="NAME.CUSTOM" value=""/>
        <Option Id="NAME.SELECT" value="Long"/>
        <Option Id="TRIGGER_COMPARE_VALUE" value="eq23&apos;hXX_XXXX"/>
      </probeOptions>
      <nets>
        <net name="bus_addr_1[31]"/>
        <net name="bus_addr_1[30]"/>
        <net name="bus_addr_1[29]"/>
        <net name="bus_addr_1[28]"/>
        <net name="bus_addr_1[27]"/>
        <net name="bus_addr_1[26]"/>
        <net name="bus_addr_1[25]"/>
        <net name="bus_addr_1[24]"/>
        <net name="bus_addr_1[23]"/>
        <net name="bus_addr_1[22]"/>
        <net name="bus_addr_1[21]"/>
        <net name="bus_addr_1[20]"/>
        <net name="bus_addr_1[19]"/>
        <net name="bus_addr_1[18]"/>
        <net name="bus_addr_1[17]"/>
        <net name="bus_addr_1[16]"/>
        <net name="bus_addr_1[15]"/>
        <net name="bus_addr_1[14]"/>
        <net name="bus_addr_1[13]"/>
        <net name="bus_addr_1[12]"/>
        <net name="bus_addr_1[11]"/>
        <net name="bus_addr_1[10]"/>
        <net name="bus_addr_1[9]"/>
      </nets>
    </probe>
    <probe type="ila" busType="bus" source="netlist" spec="ILA_V2_RT">
      <probeOptions Id="DebugProbeParams">
        <Option Id="CAPTURE_COMPARE_VALUE" value="eq7&apos;hXX"/>
        <Option Id="COMPARE_VALUE.0" value="eq7&apos;hXX"/>
        <Option Id="DISPLAY_HINT" value=""/>
        <Option Id="DISPLAY_VISIBILITY" value=""/>
        <Option Id="HW_ILA" value="hw_ila_1"/>
        <Option Id="NAME.CUSTOM" value=""/>
        <Option Id="NAME.SELECT" value="Long"/>
        <Option Id="TRIGGER_COMPARE_VALUE" value="eq7&apos;hXX"/>
      </probeOptions>
      <nets>
        <net name="bus_addr_1[6]"/>
        <net name="bus_addr_1[5]"/>
        <net name="bus_addr_1[4]"/>
        <net name="bus_addr_1[3]"/>
        <net name="bus_addr_1[2]"/>
        <net name="bus_addr_1[1]"/>
        <net name="bus_addr_1[0]"/>
      </nets>
    </probe>
    <probe type="ila" busType="net" source="netlist" spec="ILA_V2_RT">
      <probeOptions Id="DebugProbeParams">
        <Option Id="CAPTURE_COMPARE_VALUE" value="eq1&apos;bX"/>
        <Option Id="COMPARE_VALUE.0" value="eq1&apos;bX"/>
        <Option Id="DISPLAY_HINT" value=""/>
        <Option Id="DISPLAY_VISIBILITY" value=""/>
        <Option Id="HW_ILA" value="hw_ila_1"/>
        <Option Id="NAME.CUSTOM" value=""/>
        <Option Id="NAME.SELECT" value="Long"/>
        <Option Id="TRIGGER_COMPARE_VALUE" value="eq1&apos;bX"/>
      </probeOptions>
      <nets>
        <net name="bus_addr_2[4]"/>
      </nets>
    </probe>
    <probe type="ila" busType="net" source="netlist" spec="ILA_V2_RT">
      <probeOptions Id="DebugProbeParams">
        <Option Id="CAPTURE_COMPARE_VALUE" value="eq1&apos;bX"/>
        <Option Id="COMPARE_VALUE.0" value="eq1&apos;bX"/>
        <Option Id="DISPLAY_HINT" value=""/>
        <Option Id="DISPLAY_VISIBILITY" value=""/>
        <Option Id="HW_ILA" value="hw_ila_1"/>
        <Option Id="NAME.CUSTOM" value=""/>
        <Option Id="NAME.SELECT" value="Long"/>
        <Option Id="TRIGGER_COMPARE_VALUE" value="eq1&apos;bX"/>
      </probeOptions>
      <nets>
        <net name="bus_addr_3[6]"/>
      </nets>
    </probe>
    <probe type="ila" busType="net" source="netlist" spec="ILA_V2_RT">
      <probeOptions Id="DebugProbeParams">
        <Option Id="CAPTURE_COMPARE_VALUE" value="eq2&apos;hX"/>
        <Option Id="COMPARE_VALUE.0" value="eq2&apos;hX"/>
        <Option Id="DISPLAY_HINT" value=""/>
        <Option Id="DISPLAY_VISIBILITY" value=""/>
        <Option Id="HW_ILA" value="hw_ila_1"/>
        <Option Id="NAME.CUSTOM" value=""/>
        <Option Id="NAME.SELECT" value="Long"/>
        <Option Id="TRIGGER_COMPARE_VALUE" value="eq2&apos;hX"/>
      </probeOptions>
      <nets>
        <net name="bus_addr_4[10]"/>
        <net name="bus_addr_4[9]"/>
      </nets>
    </probe>
    <probe type="ila" busType="net" source="netlist" spec="ILA_V2_RT">
      <probeOptions Id="DebugProbeParams">
        <Option Id="CAPTURE_COMPARE_VALUE" value="eq1&apos;bX"/>
        <Option Id="COMPARE_VALUE.0" value="eq1&apos;bX"/>
        <Option Id="DISPLAY_HINT" value=""/>
        <Option Id="DISPLAY_VISIBILITY" value=""/>
        <Option Id="HW_ILA" value="hw_ila_1"/>
        <Option Id="NAME.CUSTOM" value=""/>
        <Option Id="NAME.SELECT" value="Long"/>
        <Option Id="TRIGGER_COMPARE_VALUE" value="eq1&apos;bX"/>
      </probeOptions>
      <nets>
        <net name="bus_addr_5[12]"/>
      </nets>
    </probe>
    <probe type="ila" busType="net" source="netlist" spec="ILA_V2_RT">
      <probeOptions Id="DebugProbeParams">
        <Option Id="CAPTURE_COMPARE_VALUE" value="eq1&apos;bX"/>
        <Option Id="COMPARE_VALUE.0" value="eq1&apos;bX"/>
        <Option Id="DISPLAY_HINT" value=""/>
        <Option Id="DISPLAY_VISIBILITY" value=""/>
        <Option Id="HW_ILA" value="hw_ila_1"/>
        <Option Id="NAME.CUSTOM" value=""/>
        <Option Id="NAME.SELECT" value="Long"/>
        <Option Id="TRIGGER_COMPARE_VALUE" value="eq1&apos;bX"/>
      </probeOptions>
      <nets>
        <net name="bus_pause"/>
      </nets>
    </probe>
    <probe type="ila" busType="bus" source="netlist" spec="ILA_V2_RT">
      <probeOptions Id="DebugProbeParams">
        <Option Id="CAPTURE_COMPARE_VALUE" value="eq32&apos;hXXXX_XXXX"/>
        <Option Id="COMPARE_VALUE.0" value="eq32&apos;hXXXX_XXXX"/>
        <Option Id="DISPLAY_HINT" value=""/>
        <Option Id="DISPLAY_VISIBILITY" value=""/>
        <Option Id="HW_ILA" value="hw_ila_1"/>
        <Option Id="NAME.CUSTOM" value=""/>
        <Option Id="NAME.SELECT" value="Long"/>
        <Option Id="TRIGGER_COMPARE_VALUE" value="eq32&apos;hXXXX_XXXX"/>
      </probeOptions>
      <nets>
        <net name="bus_rdata[31]"/>
        <net name="bus_rdata[30]"/>
        <net name="bus_rdata[29]"/>
        <net name="bus_rdata[28]"/>
        <net name="bus_rdata[27]"/>
        <net name="bus_rdata[26]"/>
        <net name="bus_rdata[25]"/>
        <net name="bus_rdata[24]"/>
        <net name="bus_rdata[23]"/>
        <net name="bus_rdata[22]"/>
        <net name="bus_rdata[21]"/>
        <net name="bus_rdata[20]"/>
        <net name="bus_rdata[19]"/>
        <net name="bus_rdata[18]"/>
        <net name="bus_rdata[17]"/>
        <net name="bus_rdata[16]"/>
        <net name="bus_rdata[15]"/>
        <net name="bus_rdata[14]"/>
        <net name="bus_rdata[13]"/>
        <net name="bus_rdata[12]"/>
        <net name="bus_rdata[11]"/>
        <net name="bus_rdata[10]"/>
        <net name="bus_rdata[9]"/>
        <net name="bus_rdata[8]"/>
        <net name="bus_rdata[7]"/>
        <net name="bus_rdata[6]"/>
        <net name="bus_rdata[5]"/>
        <net name="bus_rdata[4]"/>
        <net name="bus_rdata[3]"/>
        <net name="bus_rdata[2]"/>
        <net name="bus_rdata[1]"/>
        <net name="bus_rdata[0]"/>
      </nets>
    </probe>
    <probe type="ila" busType="bus" source="netlist" spec="ILA_V2_RT">
      <probeOptions Id="DebugProbeParams">
        <Option Id="CAPTURE_COMPARE_VALUE" value="eq2&apos;hX"/>
        <Option Id="COMPARE_VALUE.0" value="eq2&apos;hX"/>
        <Option Id="DISPLAY_HINT" value=""/>
        <Option Id="DISPLAY_VISIBILITY" value=""/>
        <Option Id="HW_ILA" value="hw_ila_1"/>
        <Option Id="NAME.CUSTOM" value=""/>
        <Option Id="NAME.SELECT" value="Long"/>
        <Option Id="TRIGGER_COMPARE_VALUE" value="eq2&apos;hX"/>
      </probeOptions>
      <nets>
        <net name="bus_size[1]"/>
        <net name="bus_size[0]"/>
      </nets>
    </probe>
    <probe type="ila" busType="net" source="netlist" spec="ILA_V2_RT">
      <probeOptions Id="DebugProbeParams">
        <Option Id="CAPTURE_COMPARE_VALUE" value="eq18&apos;hX_XXXX"/>
        <Option Id="COMPARE_VALUE.0" value="eq18&apos;hX_XXXX"/>
        <Option Id="DISPLAY_HINT" value=""/>
        <Option Id="DISPLAY_VISIBILITY" value=""/>
        <Option Id="HW_ILA" value="hw_ila_1"/>
        <Option Id="NAME.CUSTOM" value=""/>
        <Option Id="NAME.SELECT" value="Long"/>
        <Option Id="TRIGGER_COMPARE_VALUE" value="eq18&apos;hX_XXXX"/>
      </probeOptions>
      <nets>
        <net name="bus_wdata[17]"/>
        <net name="bus_wdata[16]"/>
        <net name="bus_wdata[15]"/>
        <net name="bus_wdata[14]"/>
        <net name="bus_wdata[13]"/>
        <net name="bus_wdata[12]"/>
        <net name="bus_wdata[11]"/>
        <net name="bus_wdata[10]"/>
        <net name="bus_wdata[9]"/>
        <net name="bus_wdata[8]"/>
        <net name="bus_wdata[7]"/>
        <net name="bus_wdata[6]"/>
        <net name="bus_wdata[5]"/>
        <net name="bus_wdata[4]"/>
        <net name="bus_wdata[3]"/>
        <net name="bus_wdata[2]"/>
        <net name="bus_wdata[1]"/>
        <net name="bus_wdata[0]"/>
      </nets>
    </probe>
    <probe type="ila" busType="bus" source="netlist" spec="ILA_V2_RT">
      <probeOptions Id="DebugProbeParams">
        <Option Id="CAPTURE_COMPARE_VALUE" value="eq9&apos;hXXX"/>
        <Option Id="COMPARE_VALUE.0" value="eq9&apos;hXXX"/>
        <Option Id="DISPLAY_HINT" value=""/>
        <Option Id="DISPLAY_VISIBILITY" value=""/>
        <Option Id="HW_ILA" value="hw_ila_1"/>
        <Option Id="NAME.CUSTOM" value=""/>
        <Option Id="NAME.SELECT" value="Long"/>
        <Option Id="TRIGGER_COMPARE_VALUE" value="eq9&apos;hXXX"/>
      </probeOptions>
      <nets>
        <net name="bus_wdata[31]"/>
        <net name="bus_wdata[30]"/>
        <net name="bus_wdata[29]"/>
        <net name="bus_wdata[28]"/>
        <net name="bus_wdata[27]"/>
        <net name="bus_wdata[26]"/>
        <net name="bus_wdata[25]"/>
        <net name="bus_wdata[24]"/>
        <net name="bus_wdata[23]"/>
      </nets>
    </probe>
    <probe type="ila" busType="bus" source="netlist" spec="ILA_V2_RT">
      <probeOptions Id="DebugProbeParams">
        <Option Id="CAPTURE_COMPARE_VALUE" value="eq18&apos;hX_XXXX"/>
        <Option Id="COMPARE_VALUE.0" value="eq18&apos;hX_XXXX"/>
        <Option Id="DISPLAY_HINT" value=""/>
        <Option Id="DISPLAY_VISIBILITY" value=""/>
        <Option Id="HW_ILA" value="hw_ila_1"/>
        <Option Id="NAME.CUSTOM" value=""/>
        <Option Id="NAME.SELECT" value="Long"/>
        <Option Id="TRIGGER_COMPARE_VALUE" value="eq18&apos;hX_XXXX"/>
      </probeOptions>
      <nets>
        <net name="bus_wdata_1[17]"/>
        <net name="bus_wdata_1[16]"/>
        <net name="bus_wdata_1[15]"/>
        <net name="bus_wdata_1[14]"/>
        <net name="bus_wdata_1[13]"/>
        <net name="bus_wdata_1[12]"/>
        <net name="bus_wdata_1[11]"/>
        <net name="bus_wdata_1[10]"/>
        <net name="bus_wdata_1[9]"/>
        <net name="bus_wdata_1[8]"/>
        <net name="bus_wdata_1[7]"/>
        <net name="bus_wdata_1[6]"/>
        <net name="bus_wdata_1[5]"/>
        <net name="bus_wdata_1[4]"/>
        <net name="bus_wdata_1[3]"/>
        <net name="bus_wdata_1[2]"/>
        <net name="bus_wdata_1[1]"/>
        <net name="bus_wdata_1[0]"/>
      </nets>
    </probe>
    <probe type="ila" busType="net" source="netlist" spec="ILA_V2_RT">
      <probeOptions Id="DebugProbeParams">
        <Option Id="CAPTURE_COMPARE_VALUE" value="eq2&apos;hX"/>
        <Option Id="COMPARE_VALUE.0" value="eq2&apos;hX"/>
        <Option Id="DISPLAY_HINT" value=""/>
        <Option Id="DISPLAY_VISIBILITY" value=""/>
        <Option Id="HW_ILA" value="hw_ila_1"/>
        <Option Id="NAME.CUSTOM" value=""/>
        <Option Id="NAME.SELECT" value="Long"/>
        <Option Id="TRIGGER_COMPARE_VALUE" value="eq2&apos;hX"/>
      </probeOptions>
      <nets>
        <net name="bus_wdata_1[21]"/>
        <net name="bus_wdata_1[20]"/>
      </nets>
    </probe>
    <probe type="ila" busType="bus" source="netlist" spec="ILA_V2_RT">
      <probeOptions Id="DebugProbeParams">
        <Option Id="CAPTURE_COMPARE_VALUE" value="eq2&apos;hX"/>
        <Option Id="COMPARE_VALUE.0" value="eq2&apos;hX"/>
        <Option Id="DISPLAY_HINT" value=""/>
        <Option Id="DISPLAY_VISIBILITY" value=""/>
        <Option Id="HW_ILA" value="hw_ila_1"/>
        <Option Id="NAME.CUSTOM" value=""/>
        <Option Id="NAME.SELECT" value="Long"/>
        <Option Id="TRIGGER_COMPARE_VALUE" value="eq2&apos;hX"/>
      </probeOptions>
      <nets>
        <net name="bus_wdata_2[21]"/>
        <net name="bus_wdata_2[20]"/>
      </nets>
    </probe>
    <probe type="ila" busType="net" source="netlist" spec="ILA_V2_RT">
      <probeOptions Id="DebugProbeParams">
        <Option Id="CAPTURE_COMPARE_VALUE" value="eq9&apos;hXXX"/>
        <Option Id="COMPARE_VALUE.0" value="eq9&apos;hXXX"/>
        <Option Id="DISPLAY_HINT" value=""/>
        <Option Id="DISPLAY_VISIBILITY" value=""/>
        <Option Id="HW_ILA" value="hw_ila_1"/>
        <Option Id="NAME.CUSTOM" value=""/>
        <Option Id="NAME.SELECT" value="Long"/>
        <Option Id="TRIGGER_COMPARE_VALUE" value="eq9&apos;hXXX"/>
      </probeOptions>
      <nets>
        <net name="bus_wdata_2[31]"/>
        <net name="bus_wdata_2[30]"/>
        <net name="bus_wdata_2[29]"/>
        <net name="bus_wdata_2[28]"/>
        <net name="bus_wdata_2[27]"/>
        <net name="bus_wdata_2[26]"/>
        <net name="bus_wdata_2[25]"/>
        <net name="bus_wdata_2[24]"/>
        <net name="bus_wdata_2[23]"/>
      </nets>
    </probe>
    <probe type="ila" busType="net" source="netlist" spec="ILA_V2_RT">
      <probeOptions Id="DebugProbeParams">
        <Option Id="CAPTURE_COMPARE_VALUE" value="eq1&apos;bX"/>
        <Option Id="COMPARE_VALUE.0" value="eq1&apos;bX"/>
        <Option Id="DISPLAY_HINT" value=""/>
        <Option Id="DISPLAY_VISIBILITY" value=""/>
        <Option Id="HW_ILA" value="hw_ila_1"/>
        <Option Id="NAME.CUSTOM" value=""/>
        <Option Id="NAME.SELECT" value="Long"/>
        <Option Id="TRIGGER_COMPARE_VALUE" value="eq1&apos;bX"/>
      </probeOptions>
      <nets>
        <net name="bus_write"/>
      </nets>
    </probe>
    <probe type="ila" busType="net" source="netlist" spec="ILA_V2_RT">
      <probeOptions Id="DebugProbeParams">
        <Option Id="CAPTURE_COMPARE_VALUE" value="eq1&apos;bX"/>
        <Option Id="COMPARE_VALUE.0" value="eq1&apos;bX"/>
        <Option Id="DISPLAY_HINT" value=""/>
        <Option Id="DISPLAY_VISIBILITY" value=""/>
        <Option Id="HW_ILA" value="hw_ila_1"/>
        <Option Id="NAME.CUSTOM" value=""/>
        <Option Id="NAME.SELECT" value="Long"/>
        <Option Id="TRIGGER_COMPARE_VALUE" value="eq1&apos;bX"/>
      </probeOptions>
      <nets>
        <net name="clr"/>
      </nets>
    </probe>
    <probe type="ila" busType="net" source="netlist" spec="ILA_V2_RT">
      <probeOptions Id="DebugProbeParams">
        <Option Id="CAPTURE_COMPARE_VALUE" value="eq4&apos;hX"/>
        <Option Id="COMPARE_VALUE.0" value="eq4&apos;hX"/>
        <Option Id="DISPLAY_HINT" value=""/>
        <Option Id="DISPLAY_VISIBILITY" value=""/>
        <Option Id="HW_ILA" value="hw_ila_1"/>
        <Option Id="NAME.CUSTOM" value=""/>
        <Option Id="NAME.SELECT" value="Long"/>
        <Option Id="TRIGGER_COMPARE_VALUE" value="eq4&apos;hX"/>
      </probeOptions>
      <nets>
        <net name="count[0]"/>
        <net name="count[1]"/>
        <net name="count[2]"/>
        <net name="count[3]"/>
      </nets>
    </probe>
    <probe type="ila" busType="net" source="netlist" spec="ILA_V2_RT">
      <probeOptions Id="DebugProbeParams">
        <Option Id="CAPTURE_COMPARE_VALUE" value="eq4&apos;hX"/>
        <Option Id="COMPARE_VALUE.0" value="eq4&apos;hX"/>
        <Option Id="DISPLAY_HINT" value=""/>
        <Option Id="DISPLAY_VISIBILITY" value=""/>
        <Option Id="HW_ILA" value="hw_ila_1"/>
        <Option Id="NAME.CUSTOM" value=""/>
        <Option Id="NAME.SELECT" value="Long"/>
        <Option Id="TRIGGER_COMPARE_VALUE" value="eq4&apos;hX"/>
      </probeOptions>
      <nets>
        <net name="count[3]"/>
        <net name="count[2]"/>
        <net name="count[1]"/>
        <net name="count[0]"/>
      </nets>
    </probe>
    <probe type="ila" busType="bus" source="netlist" spec="ILA_V2_RT">
      <probeOptions Id="DebugProbeParams">
        <Option Id="CAPTURE_COMPARE_VALUE" value="eq5&apos;hXX"/>
        <Option Id="COMPARE_VALUE.0" value="eq5&apos;hXX"/>
        <Option Id="DISPLAY_HINT" value=""/>
        <Option Id="DISPLAY_VISIBILITY" value=""/>
        <Option Id="HW_ILA" value="hw_ila_1"/>
        <Option Id="NAME.CUSTOM" value=""/>
        <Option Id="NAME.SELECT" value="Long"/>
        <Option Id="TRIGGER_COMPARE_VALUE" value="eq5&apos;hXX"/>
      </probeOptions>
      <nets>
        <net name="count[4]"/>
        <net name="count[3]"/>
        <net name="count[2]"/>
        <net name="count[1]"/>
        <net name="count[0]"/>
      </nets>
    </probe>
    <probe type="ila" busType="net" source="netlist" spec="ILA_V2_RT">
      <probeOptions Id="DebugProbeParams">
        <Option Id="CAPTURE_COMPARE_VALUE" value="eq4&apos;hX"/>
        <Option Id="COMPARE_VALUE.0" value="eq4&apos;hX"/>
        <Option Id="DISPLAY_HINT" value=""/>
        <Option Id="DISPLAY_VISIBILITY" value=""/>
        <Option Id="HW_ILA" value="hw_ila_1"/>
        <Option Id="NAME.CUSTOM" value=""/>
        <Option Id="NAME.SELECT" value="Long"/>
        <Option Id="TRIGGER_COMPARE_VALUE" value="eq4&apos;hX"/>
      </probeOptions>
      <nets>
        <net name="count_next[0]"/>
        <net name="count_next[1]"/>
        <net name="count_next[2]"/>
        <net name="count_next[3]"/>
      </nets>
    </probe>
    <probe type="ila" busType="net" source="netlist" spec="ILA_V2_RT">
      <probeOptions Id="DebugProbeParams">
        <Option Id="CAPTURE_COMPARE_VALUE" value="eq4&apos;hX"/>
        <Option Id="COMPARE_VALUE.0" value="eq4&apos;hX"/>
        <Option Id="DISPLAY_HINT" value=""/>
        <Option Id="DISPLAY_VISIBILITY" value=""/>
        <Option Id="HW_ILA" value="hw_ila_1"/>
        <Option Id="NAME.CUSTOM" value=""/>
        <Option Id="NAME.SELECT" value="Long"/>
        <Option Id="TRIGGER_COMPARE_VALUE" value="eq4&apos;hX"/>
      </probeOptions>
      <nets>
        <net name="count_next[3]"/>
        <net name="count_next[2]"/>
        <net name="count_next[1]"/>
        <net name="count_next[0]"/>
      </nets>
    </probe>
    <probe type="ila" busType="net" source="netlist" spec="ILA_V2_RT">
      <probeOptions Id="DebugProbeParams">
        <Option Id="CAPTURE_COMPARE_VALUE" value="eq5&apos;hXX"/>
        <Option Id="COMPARE_VALUE.0" value="eq5&apos;hXX"/>
        <Option Id="DISPLAY_HINT" value=""/>
        <Option Id="DISPLAY_VISIBILITY" value=""/>
        <Option Id="HW_ILA" value="hw_ila_1"/>
        <Option Id="NAME.CUSTOM" value=""/>
        <Option Id="NAME.SELECT" value="Long"/>
        <Option Id="TRIGGER_COMPARE_VALUE" value="eq5&apos;hXX"/>
      </probeOptions>
      <nets>
        <net name="count_next[4]"/>
        <net name="count_next[3]"/>
        <net name="count_next[2]"/>
        <net name="count_next[1]"/>
        <net name="count_next[0]"/>
      </nets>
    </probe>
    <probe type="ila" busType="net" source="netlist" spec="ILA_V2_RT">
      <probeOptions Id="DebugProbeParams">
        <Option Id="CAPTURE_COMPARE_VALUE" value="eq1&apos;bX"/>
        <Option Id="COMPARE_VALUE.0" value="eq1&apos;bX"/>
        <Option Id="DISPLAY_HINT" value=""/>
        <Option Id="DISPLAY_VISIBILITY" value=""/>
        <Option Id="HW_ILA" value="hw_ila_1"/>
        <Option Id="NAME.CUSTOM" value=""/>
        <Option Id="NAME.SELECT" value="Long"/>
        <Option Id="TRIGGER_COMPARE_VALUE" value="eq1&apos;bX"/>
      </probeOptions>
      <nets>
        <net name="en"/>
      </nets>
    </probe>
    <probe type="ila" busType="net" source="netlist" spec="ILA_V2_RT">
      <probeOptions Id="DebugProbeParams">
        <Option Id="CAPTURE_COMPARE_VALUE" value="eq1&apos;bX"/>
        <Option Id="COMPARE_VALUE.0" value="eq1&apos;bX"/>
        <Option Id="DISPLAY_HINT" value=""/>
        <Option Id="DISPLAY_VISIBILITY" value=""/>
        <Option Id="HW_ILA" value="hw_ila_1"/>
        <Option Id="NAME.CUSTOM" value=""/>
        <Option Id="NAME.SELECT" value="Long"/>
        <Option Id="TRIGGER_COMPARE_VALUE" value="eq1&apos;bX"/>
      </probeOptions>
      <nets>
        <net name="fail"/>
      </nets>
    </probe>
    <probe type="ila" busType="net" source="netlist" spec="ILA_V2_RT">
      <probeOptions Id="DebugProbeParams">
        <Option Id="CAPTURE_COMPARE_VALUE" value="eq1&apos;bX"/>
        <Option Id="COMPARE_VALUE.0" value="eq1&apos;bX"/>
        <Option Id="DISPLAY_HINT" value=""/>
        <Option Id="DISPLAY_VISIBILITY" value=""/>
        <Option Id="HW_ILA" value="hw_ila_1"/>
        <Option Id="NAME.CUSTOM" value=""/>
        <Option Id="NAME.SELECT" value="Long"/>
        <Option Id="TRIGGER_COMPARE_VALUE" value="eq1&apos;bX"/>
      </probeOptions>
      <nets>
        <net name="good_bot"/>
      </nets>
    </probe>
    <probe type="ila" busType="net" source="netlist" spec="ILA_V2_RT">
      <probeOptions Id="DebugProbeParams">
        <Option Id="CAPTURE_COMPARE_VALUE" value="eq1&apos;bX"/>
        <Option Id="COMPARE_VALUE.0" value="eq1&apos;bX"/>
        <Option Id="DISPLAY_HINT" value=""/>
        <Option Id="DISPLAY_VISIBILITY" value=""/>
        <Option Id="HW_ILA" value="hw_ila_1"/>
        <Option Id="NAME.CUSTOM" value=""/>
        <Option Id="NAME.SELECT" value="Long"/>
        <Option Id="TRIGGER_COMPARE_VALUE" value="eq1&apos;bX"/>
      </probeOptions>
      <nets>
        <net name="good_top"/>
      </nets>
    </probe>
    <probe type="ila" busType="bus" source="netlist" spec="ILA_V2_RT">
      <probeOptions Id="DebugProbeParams">
        <Option Id="CAPTURE_COMPARE_VALUE" value="eq32&apos;hXXXX_XXXX"/>
        <Option Id="COMPARE_VALUE.0" value="eq32&apos;hXXXX_XXXX"/>
        <Option Id="DISPLAY_HINT" value=""/>
        <Option Id="DISPLAY_VISIBILITY" value=""/>
        <Option Id="HW_ILA" value="hw_ila_1"/>
        <Option Id="NAME.CUSTOM" value=""/>
        <Option Id="NAME.SELECT" value="Long"/>
        <Option Id="TRIGGER_COMPARE_VALUE" value="eq32&apos;hXXXX_XXXX"/>
      </probeOptions>
      <nets>
        <net name="mem/bus_addr[31]"/>
        <net name="mem/bus_addr[30]"/>
        <net name="mem/bus_addr[29]"/>
        <net name="mem/bus_addr[28]"/>
        <net name="mem/bus_addr[27]"/>
        <net name="mem/bus_addr[26]"/>
        <net name="mem/bus_addr[25]"/>
        <net name="mem/bus_addr[24]"/>
        <net name="mem/bus_addr[23]"/>
        <net name="mem/bus_addr[22]"/>
        <net name="mem/bus_addr[21]"/>
        <net name="mem/bus_addr[20]"/>
        <net name="mem/bus_addr[19]"/>
        <net name="mem/bus_addr[18]"/>
        <net name="mem/bus_addr[17]"/>
        <net name="mem/bus_addr[16]"/>
        <net name="mem/bus_addr[15]"/>
        <net name="mem/bus_addr[14]"/>
        <net name="mem/bus_addr[13]"/>
        <net name="mem/bus_addr[12]"/>
        <net name="mem/bus_addr[11]"/>
        <net name="mem/bus_addr[10]"/>
        <net name="mem/bus_addr[9]"/>
        <net name="mem/bus_addr[8]"/>
        <net name="mem/bus_addr[7]"/>
        <net name="mem/bus_addr[6]"/>
        <net name="mem/bus_addr[5]"/>
        <net name="mem/bus_addr[4]"/>
        <net name="mem/bus_addr[3]"/>
        <net name="mem/bus_addr[2]"/>
        <net name="mem/bus_addr[1]"/>
        <net name="mem/bus_addr[0]"/>
      </nets>
    </probe>
    <probe type="ila" busType="bus" source="netlist" spec="ILA_V2_RT">
      <probeOptions Id="DebugProbeParams">
        <Option Id="CAPTURE_COMPARE_VALUE" value="eq32&apos;hXXXX_XXXX"/>
        <Option Id="COMPARE_VALUE.0" value="eq32&apos;hXXXX_XXXX"/>
        <Option Id="DISPLAY_HINT" value=""/>
        <Option Id="DISPLAY_VISIBILITY" value=""/>
        <Option Id="HW_ILA" value="hw_ila_1"/>
        <Option Id="NAME.CUSTOM" value=""/>
        <Option Id="NAME.SELECT" value="Long"/>
        <Option Id="TRIGGER_COMPARE_VALUE" value="eq32&apos;hXXXX_XXXX"/>
      </probeOptions>
      <nets>
        <net name="mem/bus_addr_lat1[31]"/>
        <net name="mem/bus_addr_lat1[30]"/>
        <net name="mem/bus_addr_lat1[29]"/>
        <net name="mem/bus_addr_lat1[28]"/>
        <net name="mem/bus_addr_lat1[27]"/>
        <net name="mem/bus_addr_lat1[26]"/>
        <net name="mem/bus_addr_lat1[25]"/>
        <net name="mem/bus_addr_lat1[24]"/>
        <net name="mem/bus_addr_lat1[23]"/>
        <net name="mem/bus_addr_lat1[22]"/>
        <net name="mem/bus_addr_lat1[21]"/>
        <net name="mem/bus_addr_lat1[20]"/>
        <net name="mem/bus_addr_lat1[19]"/>
        <net name="mem/bus_addr_lat1[18]"/>
        <net name="mem/bus_addr_lat1[17]"/>
        <net name="mem/bus_addr_lat1[16]"/>
        <net name="mem/bus_addr_lat1[15]"/>
        <net name="mem/bus_addr_lat1[14]"/>
        <net name="mem/bus_addr_lat1[13]"/>
        <net name="mem/bus_addr_lat1[12]"/>
        <net name="mem/bus_addr_lat1[11]"/>
        <net name="mem/bus_addr_lat1[10]"/>
        <net name="mem/bus_addr_lat1[9]"/>
        <net name="mem/bus_addr_lat1[8]"/>
        <net name="mem/bus_addr_lat1[7]"/>
        <net name="mem/bus_addr_lat1[6]"/>
        <net name="mem/bus_addr_lat1[5]"/>
        <net name="mem/bus_addr_lat1[4]"/>
        <net name="mem/bus_addr_lat1[3]"/>
        <net name="mem/bus_addr_lat1[2]"/>
        <net name="mem/bus_addr_lat1[1]"/>
        <net name="mem/bus_addr_lat1[0]"/>
      </nets>
    </probe>
    <probe type="ila" busType="net" source="netlist" spec="ILA_V2_RT">
      <probeOptions Id="DebugProbeParams">
        <Option Id="CAPTURE_COMPARE_VALUE" value="eq1&apos;bX"/>
        <Option Id="COMPARE_VALUE.0" value="eq1&apos;bX"/>
        <Option Id="DISPLAY_HINT" value=""/>
        <Option Id="DISPLAY_VISIBILITY" value=""/>
        <Option Id="HW_ILA" value="hw_ila_1"/>
        <Option Id="NAME.CUSTOM" value=""/>
        <Option Id="NAME.SELECT" value="Long"/>
        <Option Id="TRIGGER_COMPARE_VALUE" value="eq1&apos;bX"/>
      </probeOptions>
      <nets>
        <net name="mem/bus_intern_read"/>
      </nets>
    </probe>
    <probe type="ila" busType="net" source="netlist" spec="ILA_V2_RT">
      <probeOptions Id="DebugProbeParams">
        <Option Id="CAPTURE_COMPARE_VALUE" value="eq1&apos;bX"/>
        <Option Id="COMPARE_VALUE.0" value="eq1&apos;bX"/>
        <Option Id="DISPLAY_HINT" value=""/>
        <Option Id="DISPLAY_VISIBILITY" value=""/>
        <Option Id="HW_ILA" value="hw_ila_1"/>
        <Option Id="NAME.CUSTOM" value=""/>
        <Option Id="NAME.SELECT" value="Long"/>
        <Option Id="TRIGGER_COMPARE_VALUE" value="eq1&apos;bX"/>
      </probeOptions>
      <nets>
        <net name="mem/bus_intern_write"/>
      </nets>
    </probe>
    <probe type="ila" busType="bus" source="netlist" spec="ILA_V2_RT">
      <probeOptions Id="DebugProbeParams">
        <Option Id="CAPTURE_COMPARE_VALUE" value="eq32&apos;hXXXX_XXXX"/>
        <Option Id="COMPARE_VALUE.0" value="eq32&apos;hXXXX_XXXX"/>
        <Option Id="DISPLAY_HINT" value=""/>
        <Option Id="DISPLAY_VISIBILITY" value=""/>
        <Option Id="HW_ILA" value="hw_ila_1"/>
        <Option Id="NAME.CUSTOM" value=""/>
        <Option Id="NAME.SELECT" value="Long"/>
        <Option Id="TRIGGER_COMPARE_VALUE" value="eq32&apos;hXXXX_XXXX"/>
      </probeOptions>
      <nets>
        <net name="mem/bus_io_reg_rdata[31]"/>
        <net name="mem/bus_io_reg_rdata[30]"/>
        <net name="mem/bus_io_reg_rdata[29]"/>
        <net name="mem/bus_io_reg_rdata[28]"/>
        <net name="mem/bus_io_reg_rdata[27]"/>
        <net name="mem/bus_io_reg_rdata[26]"/>
        <net name="mem/bus_io_reg_rdata[25]"/>
        <net name="mem/bus_io_reg_rdata[24]"/>
        <net name="mem/bus_io_reg_rdata[23]"/>
        <net name="mem/bus_io_reg_rdata[22]"/>
        <net name="mem/bus_io_reg_rdata[21]"/>
        <net name="mem/bus_io_reg_rdata[20]"/>
        <net name="mem/bus_io_reg_rdata[19]"/>
        <net name="mem/bus_io_reg_rdata[18]"/>
        <net name="mem/bus_io_reg_rdata[17]"/>
        <net name="mem/bus_io_reg_rdata[16]"/>
        <net name="mem/bus_io_reg_rdata[15]"/>
        <net name="mem/bus_io_reg_rdata[14]"/>
        <net name="mem/bus_io_reg_rdata[13]"/>
        <net name="mem/bus_io_reg_rdata[12]"/>
        <net name="mem/bus_io_reg_rdata[11]"/>
        <net name="mem/bus_io_reg_rdata[10]"/>
        <net name="mem/bus_io_reg_rdata[9]"/>
        <net name="mem/bus_io_reg_rdata[8]"/>
        <net name="mem/bus_io_reg_rdata[7]"/>
        <net name="mem/bus_io_reg_rdata[6]"/>
        <net name="mem/bus_io_reg_rdata[5]"/>
        <net name="mem/bus_io_reg_rdata[4]"/>
        <net name="mem/bus_io_reg_rdata[3]"/>
        <net name="mem/bus_io_reg_rdata[2]"/>
        <net name="mem/bus_io_reg_rdata[1]"/>
        <net name="mem/bus_io_reg_rdata[0]"/>
      </nets>
    </probe>
    <probe type="ila" busType="net" source="netlist" spec="ILA_V2_RT">
      <probeOptions Id="DebugProbeParams">
        <Option Id="CAPTURE_COMPARE_VALUE" value="eq1&apos;bX"/>
        <Option Id="COMPARE_VALUE.0" value="eq1&apos;bX"/>
        <Option Id="DISPLAY_HINT" value=""/>
        <Option Id="DISPLAY_VISIBILITY" value=""/>
        <Option Id="HW_ILA" value="hw_ila_1"/>
        <Option Id="NAME.CUSTOM" value=""/>
        <Option Id="NAME.SELECT" value="Long"/>
        <Option Id="TRIGGER_COMPARE_VALUE" value="eq1&apos;bX"/>
      </probeOptions>
      <nets>
        <net name="mem/bus_io_reg_read"/>
      </nets>
    </probe>
    <probe type="ila" busType="net" source="netlist" spec="ILA_V2_RT">
      <probeOptions Id="DebugProbeParams">
        <Option Id="CAPTURE_COMPARE_VALUE" value="eq32&apos;hXXXX_XXXX"/>
        <Option Id="COMPARE_VALUE.0" value="eq32&apos;hXXXX_XXXX"/>
        <Option Id="DISPLAY_HINT" value=""/>
        <Option Id="DISPLAY_VISIBILITY" value=""/>
        <Option Id="HW_ILA" value="hw_ila_1"/>
        <Option Id="NAME.CUSTOM" value=""/>
        <Option Id="NAME.SELECT" value="Long"/>
        <Option Id="TRIGGER_COMPARE_VALUE" value="eq32&apos;hXXXX_XXXX"/>
      </probeOptions>
      <nets>
        <net name="mem/bus_mem_addr[31]"/>
        <net name="mem/bus_mem_addr[30]"/>
        <net name="mem/bus_mem_addr[29]"/>
        <net name="mem/bus_mem_addr[28]"/>
        <net name="mem/bus_mem_addr[27]"/>
        <net name="mem/bus_mem_addr[26]"/>
        <net name="mem/bus_mem_addr[25]"/>
        <net name="mem/bus_mem_addr[24]"/>
        <net name="mem/bus_mem_addr[23]"/>
        <net name="mem/bus_mem_addr[22]"/>
        <net name="mem/bus_mem_addr[21]"/>
        <net name="mem/bus_mem_addr[20]"/>
        <net name="mem/bus_mem_addr[19]"/>
        <net name="mem/bus_mem_addr[18]"/>
        <net name="mem/bus_mem_addr[17]"/>
        <net name="mem/bus_mem_addr[16]"/>
        <net name="mem/bus_mem_addr[15]"/>
        <net name="mem/bus_mem_addr[14]"/>
        <net name="mem/bus_mem_addr[13]"/>
        <net name="mem/bus_mem_addr[12]"/>
        <net name="mem/bus_mem_addr[11]"/>
        <net name="mem/bus_mem_addr[10]"/>
        <net name="mem/bus_mem_addr[9]"/>
        <net name="mem/bus_mem_addr[8]"/>
        <net name="mem/bus_mem_addr[7]"/>
        <net name="mem/bus_mem_addr[6]"/>
        <net name="mem/bus_mem_addr[5]"/>
        <net name="mem/bus_mem_addr[4]"/>
        <net name="mem/bus_mem_addr[3]"/>
        <net name="mem/bus_mem_addr[2]"/>
        <net name="mem/bus_mem_addr[1]"/>
        <net name="mem/bus_mem_addr[0]"/>
      </nets>
    </probe>
    <probe type="ila" busType="net" source="netlist" spec="ILA_V2_RT">
      <probeOptions Id="DebugProbeParams">
        <Option Id="CAPTURE_COMPARE_VALUE" value="eq1&apos;bX"/>
        <Option Id="COMPARE_VALUE.0" value="eq1&apos;bX"/>
        <Option Id="DISPLAY_HINT" value=""/>
        <Option Id="DISPLAY_VISIBILITY" value=""/>
        <Option Id="HW_ILA" value="hw_ila_1"/>
        <Option Id="NAME.CUSTOM" value=""/>
        <Option Id="NAME.SELECT" value="Long"/>
        <Option Id="TRIGGER_COMPARE_VALUE" value="eq1&apos;bX"/>
      </probeOptions>
      <nets>
        <net name="mem/bus_oam_read"/>
      </nets>
    </probe>
    <probe type="ila" busType="net" source="netlist" spec="ILA_V2_RT">
      <probeOptions Id="DebugProbeParams">
        <Option Id="CAPTURE_COMPARE_VALUE" value="eq1&apos;bX"/>
        <Option Id="COMPARE_VALUE.0" value="eq1&apos;bX"/>
        <Option Id="DISPLAY_HINT" value=""/>
        <Option Id="DISPLAY_VISIBILITY" value=""/>
        <Option Id="HW_ILA" value="hw_ila_1"/>
        <Option Id="NAME.CUSTOM" value=""/>
        <Option Id="NAME.SELECT" value="Long"/>
        <Option Id="TRIGGER_COMPARE_VALUE" value="eq1&apos;bX"/>
      </probeOptions>
      <nets>
        <net name="mem/bus_oam_write"/>
      </nets>
    </probe>
    <probe type="ila" busType="net" source="netlist" spec="ILA_V2_RT">
      <probeOptions Id="DebugProbeParams">
        <Option Id="CAPTURE_COMPARE_VALUE" value="eq1&apos;bX"/>
        <Option Id="COMPARE_VALUE.0" value="eq1&apos;bX"/>
        <Option Id="DISPLAY_HINT" value=""/>
        <Option Id="DISPLAY_VISIBILITY" value=""/>
        <Option Id="HW_ILA" value="hw_ila_1"/>
        <Option Id="NAME.CUSTOM" value=""/>
        <Option Id="NAME.SELECT" value="Long"/>
        <Option Id="TRIGGER_COMPARE_VALUE" value="eq1&apos;bX"/>
      </probeOptions>
      <nets>
        <net name="mem/bus_palette_bg_read"/>
      </nets>
    </probe>
    <probe type="ila" busType="net" source="netlist" spec="ILA_V2_RT">
      <probeOptions Id="DebugProbeParams">
        <Option Id="CAPTURE_COMPARE_VALUE" value="eq1&apos;bX"/>
        <Option Id="COMPARE_VALUE.0" value="eq1&apos;bX"/>
        <Option Id="DISPLAY_HINT" value=""/>
        <Option Id="DISPLAY_VISIBILITY" value=""/>
        <Option Id="HW_ILA" value="hw_ila_1"/>
        <Option Id="NAME.CUSTOM" value=""/>
        <Option Id="NAME.SELECT" value="Long"/>
        <Option Id="TRIGGER_COMPARE_VALUE" value="eq1&apos;bX"/>
      </probeOptions>
      <nets>
        <net name="mem/bus_palette_bg_write"/>
      </nets>
    </probe>
    <probe type="ila" busType="net" source="netlist" spec="ILA_V2_RT">
      <probeOptions Id="DebugProbeParams">
        <Option Id="CAPTURE_COMPARE_VALUE" value="eq1&apos;bX"/>
        <Option Id="COMPARE_VALUE.0" value="eq1&apos;bX"/>
        <Option Id="DISPLAY_HINT" value=""/>
        <Option Id="DISPLAY_VISIBILITY" value=""/>
        <Option Id="HW_ILA" value="hw_ila_1"/>
        <Option Id="NAME.CUSTOM" value=""/>
        <Option Id="NAME.SELECT" value="Long"/>
        <Option Id="TRIGGER_COMPARE_VALUE" value="eq1&apos;bX"/>
      </probeOptions>
      <nets>
        <net name="mem/bus_palette_obj_read"/>
      </nets>
    </probe>
    <probe type="ila" busType="net" source="netlist" spec="ILA_V2_RT">
      <probeOptions Id="DebugProbeParams">
        <Option Id="CAPTURE_COMPARE_VALUE" value="eq1&apos;bX"/>
        <Option Id="COMPARE_VALUE.0" value="eq1&apos;bX"/>
        <Option Id="DISPLAY_HINT" value=""/>
        <Option Id="DISPLAY_VISIBILITY" value=""/>
        <Option Id="HW_ILA" value="hw_ila_1"/>
        <Option Id="NAME.CUSTOM" value=""/>
        <Option Id="NAME.SELECT" value="Long"/>
        <Option Id="TRIGGER_COMPARE_VALUE" value="eq1&apos;bX"/>
      </probeOptions>
      <nets>
        <net name="mem/bus_palette_obj_write"/>
      </nets>
    </probe>
    <probe type="ila" busType="bus" source="netlist" spec="ILA_V2_RT">
      <probeOptions Id="DebugProbeParams">
        <Option Id="CAPTURE_COMPARE_VALUE" value="eq32&apos;hXXXX_XXXX"/>
        <Option Id="COMPARE_VALUE.0" value="eq32&apos;hXXXX_XXXX"/>
        <Option Id="DISPLAY_HINT" value=""/>
        <Option Id="DISPLAY_VISIBILITY" value=""/>
        <Option Id="HW_ILA" value="hw_ila_1"/>
        <Option Id="NAME.CUSTOM" value=""/>
        <Option Id="NAME.SELECT" value="Long"/>
        <Option Id="TRIGGER_COMPARE_VALUE" value="eq32&apos;hXXXX_XXXX"/>
      </probeOptions>
      <nets>
        <net name="mem/bus_rdata[31]"/>
        <net name="mem/bus_rdata[30]"/>
        <net name="mem/bus_rdata[29]"/>
        <net name="mem/bus_rdata[28]"/>
        <net name="mem/bus_rdata[27]"/>
        <net name="mem/bus_rdata[26]"/>
        <net name="mem/bus_rdata[25]"/>
        <net name="mem/bus_rdata[24]"/>
        <net name="mem/bus_rdata[23]"/>
        <net name="mem/bus_rdata[22]"/>
        <net name="mem/bus_rdata[21]"/>
        <net name="mem/bus_rdata[20]"/>
        <net name="mem/bus_rdata[19]"/>
        <net name="mem/bus_rdata[18]"/>
        <net name="mem/bus_rdata[17]"/>
        <net name="mem/bus_rdata[16]"/>
        <net name="mem/bus_rdata[15]"/>
        <net name="mem/bus_rdata[14]"/>
        <net name="mem/bus_rdata[13]"/>
        <net name="mem/bus_rdata[12]"/>
        <net name="mem/bus_rdata[11]"/>
        <net name="mem/bus_rdata[10]"/>
        <net name="mem/bus_rdata[9]"/>
        <net name="mem/bus_rdata[8]"/>
        <net name="mem/bus_rdata[7]"/>
        <net name="mem/bus_rdata[6]"/>
        <net name="mem/bus_rdata[5]"/>
        <net name="mem/bus_rdata[4]"/>
        <net name="mem/bus_rdata[3]"/>
        <net name="mem/bus_rdata[2]"/>
        <net name="mem/bus_rdata[1]"/>
        <net name="mem/bus_rdata[0]"/>
      </nets>
    </probe>
    <probe type="ila" busType="net" source="netlist" spec="ILA_V2_RT">
      <probeOptions Id="DebugProbeParams">
        <Option Id="CAPTURE_COMPARE_VALUE" value="eq1&apos;bX"/>
        <Option Id="COMPARE_VALUE.0" value="eq1&apos;bX"/>
        <Option Id="DISPLAY_HINT" value=""/>
        <Option Id="DISPLAY_VISIBILITY" value=""/>
        <Option Id="HW_ILA" value="hw_ila_1"/>
        <Option Id="NAME.CUSTOM" value=""/>
        <Option Id="NAME.SELECT" value="Long"/>
        <Option Id="TRIGGER_COMPARE_VALUE" value="eq1&apos;bX"/>
      </probeOptions>
      <nets>
        <net name="mem/bus_system_read"/>
      </nets>
    </probe>
    <probe type="ila" busType="net" source="netlist" spec="ILA_V2_RT">
      <probeOptions Id="DebugProbeParams">
        <Option Id="CAPTURE_COMPARE_VALUE" value="eq1&apos;bX"/>
        <Option Id="COMPARE_VALUE.0" value="eq1&apos;bX"/>
        <Option Id="DISPLAY_HINT" value=""/>
        <Option Id="DISPLAY_VISIBILITY" value=""/>
        <Option Id="HW_ILA" value="hw_ila_1"/>
        <Option Id="NAME.CUSTOM" value=""/>
        <Option Id="NAME.SELECT" value="Long"/>
        <Option Id="TRIGGER_COMPARE_VALUE" value="eq1&apos;bX"/>
      </probeOptions>
      <nets>
        <net name="mem/bus_vram_A_read"/>
      </nets>
    </probe>
    <probe type="ila" busType="net" source="netlist" spec="ILA_V2_RT">
      <probeOptions Id="DebugProbeParams">
        <Option Id="CAPTURE_COMPARE_VALUE" value="eq1&apos;bX"/>
        <Option Id="COMPARE_VALUE.0" value="eq1&apos;bX"/>
        <Option Id="DISPLAY_HINT" value=""/>
        <Option Id="DISPLAY_VISIBILITY" value=""/>
        <Option Id="HW_ILA" value="hw_ila_1"/>
        <Option Id="NAME.CUSTOM" value=""/>
        <Option Id="NAME.SELECT" value="Long"/>
        <Option Id="TRIGGER_COMPARE_VALUE" value="eq1&apos;bX"/>
      </probeOptions>
      <nets>
        <net name="mem/bus_vram_A_write"/>
      </nets>
    </probe>
    <probe type="ila" busType="net" source="netlist" spec="ILA_V2_RT">
      <probeOptions Id="DebugProbeParams">
        <Option Id="CAPTURE_COMPARE_VALUE" value="eq1&apos;bX"/>
        <Option Id="COMPARE_VALUE.0" value="eq1&apos;bX"/>
        <Option Id="DISPLAY_HINT" value=""/>
        <Option Id="DISPLAY_VISIBILITY" value=""/>
        <Option Id="HW_ILA" value="hw_ila_1"/>
        <Option Id="NAME.CUSTOM" value=""/>
        <Option Id="NAME.SELECT" value="Long"/>
        <Option Id="TRIGGER_COMPARE_VALUE" value="eq1&apos;bX"/>
      </probeOptions>
      <nets>
        <net name="mem/bus_vram_B_read"/>
      </nets>
    </probe>
    <probe type="ila" busType="net" source="netlist" spec="ILA_V2_RT">
      <probeOptions Id="DebugProbeParams">
        <Option Id="CAPTURE_COMPARE_VALUE" value="eq1&apos;bX"/>
        <Option Id="COMPARE_VALUE.0" value="eq1&apos;bX"/>
        <Option Id="DISPLAY_HINT" value=""/>
        <Option Id="DISPLAY_VISIBILITY" value=""/>
        <Option Id="HW_ILA" value="hw_ila_1"/>
        <Option Id="NAME.CUSTOM" value=""/>
        <Option Id="NAME.SELECT" value="Long"/>
        <Option Id="TRIGGER_COMPARE_VALUE" value="eq1&apos;bX"/>
      </probeOptions>
      <nets>
        <net name="mem/bus_vram_B_write"/>
      </nets>
    </probe>
    <probe type="ila" busType="net" source="netlist" spec="ILA_V2_RT">
      <probeOptions Id="DebugProbeParams">
        <Option Id="CAPTURE_COMPARE_VALUE" value="eq1&apos;bX"/>
        <Option Id="COMPARE_VALUE.0" value="eq1&apos;bX"/>
        <Option Id="DISPLAY_HINT" value=""/>
        <Option Id="DISPLAY_VISIBILITY" value=""/>
        <Option Id="HW_ILA" value="hw_ila_1"/>
        <Option Id="NAME.CUSTOM" value=""/>
        <Option Id="NAME.SELECT" value="Long"/>
        <Option Id="TRIGGER_COMPARE_VALUE" value="eq1&apos;bX"/>
      </probeOptions>
      <nets>
        <net name="mem/bus_vram_C_read"/>
      </nets>
    </probe>
    <probe type="ila" busType="net" source="netlist" spec="ILA_V2_RT">
      <probeOptions Id="DebugProbeParams">
        <Option Id="CAPTURE_COMPARE_VALUE" value="eq1&apos;bX"/>
        <Option Id="COMPARE_VALUE.0" value="eq1&apos;bX"/>
        <Option Id="DISPLAY_HINT" value=""/>
        <Option Id="DISPLAY_VISIBILITY" value=""/>
        <Option Id="HW_ILA" value="hw_ila_1"/>
        <Option Id="NAME.CUSTOM" value=""/>
        <Option Id="NAME.SELECT" value="Long"/>
        <Option Id="TRIGGER_COMPARE_VALUE" value="eq1&apos;bX"/>
      </probeOptions>
      <nets>
        <net name="mem/bus_vram_C_write"/>
      </nets>
    </probe>
    <probe type="ila" busType="bus" source="netlist" spec="ILA_V2_RT">
      <probeOptions Id="DebugProbeParams">
        <Option Id="CAPTURE_COMPARE_VALUE" value="eq32&apos;hXXXX_XXXX"/>
        <Option Id="COMPARE_VALUE.0" value="eq32&apos;hXXXX_XXXX"/>
        <Option Id="DISPLAY_HINT" value=""/>
        <Option Id="DISPLAY_VISIBILITY" value=""/>
        <Option Id="HW_ILA" value="hw_ila_1"/>
        <Option Id="NAME.CUSTOM" value=""/>
        <Option Id="NAME.SELECT" value="Long"/>
        <Option Id="TRIGGER_COMPARE_VALUE" value="eq32&apos;hXXXX_XXXX"/>
      </probeOptions>
      <nets>
        <net name="mem/bus_wdata[31]"/>
        <net name="mem/bus_wdata[30]"/>
        <net name="mem/bus_wdata[29]"/>
        <net name="mem/bus_wdata[28]"/>
        <net name="mem/bus_wdata[27]"/>
        <net name="mem/bus_wdata[26]"/>
        <net name="mem/bus_wdata[25]"/>
        <net name="mem/bus_wdata[24]"/>
        <net name="mem/bus_wdata[23]"/>
        <net name="mem/bus_wdata[22]"/>
        <net name="mem/bus_wdata[21]"/>
        <net name="mem/bus_wdata[20]"/>
        <net name="mem/bus_wdata[19]"/>
        <net name="mem/bus_wdata[18]"/>
        <net name="mem/bus_wdata[17]"/>
        <net name="mem/bus_wdata[16]"/>
        <net name="mem/bus_wdata[15]"/>
        <net name="mem/bus_wdata[14]"/>
        <net name="mem/bus_wdata[13]"/>
        <net name="mem/bus_wdata[12]"/>
        <net name="mem/bus_wdata[11]"/>
        <net name="mem/bus_wdata[10]"/>
        <net name="mem/bus_wdata[9]"/>
        <net name="mem/bus_wdata[8]"/>
        <net name="mem/bus_wdata[7]"/>
        <net name="mem/bus_wdata[6]"/>
        <net name="mem/bus_wdata[5]"/>
        <net name="mem/bus_wdata[4]"/>
        <net name="mem/bus_wdata[3]"/>
        <net name="mem/bus_wdata[2]"/>
        <net name="mem/bus_wdata[1]"/>
        <net name="mem/bus_wdata[0]"/>
      </nets>
    </probe>
    <probe type="ila" busType="bus" source="netlist" spec="ILA_V2_RT">
      <probeOptions Id="DebugProbeParams">
        <Option Id="CAPTURE_COMPARE_VALUE" value="eq4&apos;hX"/>
        <Option Id="COMPARE_VALUE.0" value="eq4&apos;hX"/>
        <Option Id="DISPLAY_HINT" value=""/>
        <Option Id="DISPLAY_VISIBILITY" value=""/>
        <Option Id="HW_ILA" value="hw_ila_1"/>
        <Option Id="NAME.CUSTOM" value=""/>
        <Option Id="NAME.SELECT" value="Long"/>
        <Option Id="TRIGGER_COMPARE_VALUE" value="eq4&apos;hX"/>
      </probeOptions>
      <nets>
        <net name="mem/bus_we[3]"/>
        <net name="mem/bus_we[2]"/>
        <net name="mem/bus_we[1]"/>
        <net name="mem/bus_we[0]"/>
      </nets>
    </probe>
    <probe type="ila" busType="net" source="netlist" spec="ILA_V2_RT">
      <probeOptions Id="DebugProbeParams">
        <Option Id="CAPTURE_COMPARE_VALUE" value="eq1&apos;bX"/>
        <Option Id="COMPARE_VALUE.0" value="eq1&apos;bX"/>
        <Option Id="DISPLAY_HINT" value=""/>
        <Option Id="DISPLAY_VISIBILITY" value=""/>
        <Option Id="HW_ILA" value="hw_ila_1"/>
        <Option Id="NAME.CUSTOM" value=""/>
        <Option Id="NAME.SELECT" value="Long"/>
        <Option Id="TRIGGER_COMPARE_VALUE" value="eq1&apos;bX"/>
      </probeOptions>
      <nets>
        <net name="top_half"/>
      </nets>
    </probe>
  </probeset>
</hwsession>
